smiles,MolWt,LogP,QED
BCC,41.89,0.057699999999999974,0.3359845217692945
CC,30.07,1.0262,0.37278555515760503
